"Guid","AccountId","AssistantName","AssistantPhone","Birthdate","Department","Description","Email","EmailBouncedReason","Fax","FirstName","HomePhone","Jigsaw","LastName","LeadSource","MailingCity","MailingCountry","MailingGeocodeAccuracy","MailingLatitude","MailingLongitude","MailingPostalCode","MailingState","MailingStreet","MobilePhone","OtherCity","OtherCountry","OtherGeocodeAccuracy","OtherLatitude","OtherLongitude","OtherPhone","OtherPostalCode","OtherState","OtherStreet","Phone","Salutation","Title"
"10e4e699-2628-4e6e-afd4-ae2d9f8eca18","bfdeea8d-ae0f-42fb-b65e-e4d54cfb1d9d","#N/A","#N/A","#N/A","#N/A","#N/A","#N/A","#N/A","#N/A","Krish","#N/A","#N/A","singh","#N/A","#N/A","#N/A","#N/A","#N/A","#N/A","#N/A","#N/A","#N/A","#N/A","#N/A","#N/A","#N/A","#N/A","#N/A","#N/A","#N/A","#N/A","#N/A","#N/A","#N/A","#N/A"
"25cd0180-f670-4d23-b4df-b86c7059df3a","#N/A","#N/A","#N/A","#N/A","#N/A","#N/A","#N/A","#N/A","#N/A","Krish","#N/A","#N/A","singh","#N/A","#N/A","#N/A","#N/A","#N/A","#N/A","#N/A","#N/A","#N/A","#N/A","#N/A","#N/A","#N/A","#N/A","#N/A","#N/A","#N/A","#N/A","#N/A","#N/A","#N/A","#N/A"
"532285f5-eb02-436d-9325-7bf9661b16aa","#N/A","#N/A","#N/A","#N/A","#N/A","#N/A","#N/A","#N/A","#N/A","Reveal","#N/A","#N/A","Sam","#N/A","#N/A","#N/A","#N/A","#N/A","#N/A","#N/A","#N/A","#N/A","#N/A","#N/A","#N/A","#N/A","#N/A","#N/A","#N/A","#N/A","#N/A","#N/A","#N/A","#N/A","#N/A"
"6d3ab838-ce63-4ff8-9300-1275f1da4f18","fb218b4f-30cf-4038-b862-e8bd7374232e","#N/A","#N/A","#N/A","#N/A","#N/A","#N/A","#N/A","#N/A","Nigam","#N/A","#N/A","Sam","#N/A","#N/A","#N/A","#N/A","#N/A","#N/A","#N/A","#N/A","#N/A","#N/A","#N/A","#N/A","#N/A","#N/A","#N/A","#N/A","#N/A","#N/A","#N/A","#N/A","#N/A","#N/A"
"86f79e99-3933-41e5-977f-9e4fc46c8f6f","18e4d9eb-da51-4684-973e-3e8110f00a74","#N/A","#N/A","#N/A","#N/A","#N/A","#N/A","#N/A","#N/A","Reveal","#N/A","#N/A","Sam","#N/A","#N/A","#N/A","#N/A","#N/A","#N/A","#N/A","#N/A","#N/A","#N/A","#N/A","#N/A","#N/A","#N/A","#N/A","#N/A","#N/A","#N/A","#N/A","#N/A","#N/A","#N/A"
"8b56a937-cb2d-4f7c-989e-aae3cb2fd9da","#N/A","#N/A","#N/A","#N/A","#N/A","#N/A","#N/A","#N/A","#N/A","Unav","#N/A","#N/A","case","#N/A","#N/A","#N/A","#N/A","#N/A","#N/A","#N/A","#N/A","#N/A","#N/A","#N/A","#N/A","#N/A","#N/A","#N/A","#N/A","#N/A","#N/A","#N/A","#N/A","#N/A","#N/A"
"b6cb310e-ae87-4797-a152-8677e9c120d8","#N/A","#N/A","#N/A","#N/A","#N/A","#N/A","#N/A","#N/A","#N/A","Unav","#N/A","#N/A","case","#N/A","#N/A","#N/A","#N/A","#N/A","#N/A","#N/A","#N/A","#N/A","#N/A","#N/A","#N/A","#N/A","#N/A","#N/A","#N/A","#N/A","#N/A","#N/A","#N/A","#N/A","#N/A"
"be3d978d-57b7-4bc2-b526-ff3495da740a","#N/A","#N/A","#N/A","#N/A","#N/A","#N/A","#N/A","#N/A","#N/A","Nigam","#N/A","#N/A","Sam","#N/A","#N/A","#N/A","#N/A","#N/A","#N/A","#N/A","#N/A","#N/A","#N/A","#N/A","#N/A","#N/A","#N/A","#N/A","#N/A","#N/A","#N/A","#N/A","#N/A","#N/A","#N/A"
"f84dee2b-5676-4506-bfa4-56915edb6aed","efc3d5ff-36c7-493a-96e7-ae18e3dabde6","vghvhg","564544545646","2020-07-09","Testdeoart","#N/A","vishnu@gmail.com","#N/A","215165165564","Vishnu","656465456456456","#N/A","Sharma","Advertisement","Jaipur","India","#N/A","#N/A","#N/A","302020","rajasthan","Kalyan","54465464654","jaipur","bengal","#N/A","#N/A","#N/A","554544","302525","punjab","#N/A","(773) 748-2074","Mr.","#N/A"
